,student_id,name,age,gender,email,phone,enrollment_year,course_batch,city,graduation_year
0,0,Christian Cox,28,Female,richardgreene@example.net,9127490809,2021,EE-90-93,North Lindsaychester,2011
1,1,Keith Manning,49,Male,davisjulie@example.org,2444036031,2023,CC-78-98,Carpentermouth,2016
2,2,Joshua Keith,48,Male,haroldwilson@example.net,5136976579,2025,AA-23-23,Melissaport,2016
3,3,Isaiah Baker,43,Male,gibsonbenjamin@example.com,6382459280,2023,BB-55-50,New Brandonstad,2013
4,4,Samantha Whitaker,26,Male,vjones@example.org,2381106392,2017,DD-66-67,Townsendbury,2010
5,5,Jerry Freeman,46,Male,garciakathryn@example.org,4250485280,2010,EE-90-93,New Victorborough,2012
6,6,Mr. Kenneth Morrison,31,Male,clarkjoseph@example.com,5226331751,2010,EE-90-93,Evansbury,1998
7,7,Beth Castro,34,Female,cristian47@example.org,3566668102,2017,EE-90-93,Danielton,2002
8,8,Guy Glenn,25,Female,michaelwilliams@example.net,8465868867,2014,BB-55-50,West Kyle,2014
9,9,Katherine Calderon,33,Male,wilsonlinda@example.com,9119940235,2013,AA-23-23,Mooreshire,2015
10,10,Adrian Cook,41,Female,owensrobert@example.net,6728844479,2023,AA-23-23,Port Jacobmouth,2009
11,11,John Gonzalez,18,Male,nelsonsarah@example.net,7015434360,2020,EE-90-93,Lake John,2019
12,12,Sherri Powell,18,Male,ashley09@example.net,6542088734,2010,DD-66-67,East Charlene,2009
13,13,Lori Fry,21,Male,taylorjessica@example.net,1477145478,2016,BB-55-50,West Scott,2005
14,14,Jessica Nunez,37,Male,jake39@example.org,1494903691,2011,AA-23-23,Jessicashire,2008
15,15,Christopher Gomez,36,Male,williamspaul@example.com,5985422836,2017,CC-78-98,Mariaborough,2020
16,16,Lisa Frederick,40,Male,adamrichard@example.org,8104500019,2020,EE-90-93,Jimenezville,2021
17,17,Ross Thompson,30,Female,kmyers@example.org,4246744043,2010,BB-55-50,West Jenniferborough,2009
18,18,Monica Carrillo,43,Female,conradnicholas@example.org,3033239649,2011,BB-55-50,South Tammyport,2015
19,19,Jackie Galvan,41,Male,crawfordanthony@example.org,3777187675,2011,EE-90-93,Jessicafort,2002
20,20,Stephanie Galvan,35,Male,cookkatherine@example.org,3183473785,2023,DD-66-67,Changland,2023
21,21,Brooke Cohen,45,Female,smithjose@example.net,8468571968,2011,AA-23-23,Laurachester,2001
22,22,Lisa Collier,29,Male,browndaniel@example.net,1807221123,2018,DD-66-67,New Erik,2003
23,23,Margaret Smith,49,Female,kellycastaneda@example.org,8250813919,2011,EE-90-93,Duffytown,2011
24,24,Sarah Berry,25,Male,wilsonmelinda@example.net,5393930525,2017,BB-55-50,Michaeltown,2005
25,25,Robin Hodges MD,40,Female,mark09@example.org,1619957318,2018,AA-23-23,Amberbury,2007
26,26,Cindy Washington,18,Male,frank41@example.net,7622578360,2017,BB-55-50,North Davidchester,1999
27,27,Matthew Erickson,42,Male,michael78@example.org,6897271709,2011,CC-78-98,Amyburgh,2014
28,28,Jon Yoder,41,Male,kmartin@example.net,7852577060,2025,DD-66-67,Sheilamouth,2008
29,29,Andre Olson,18,Female,marklee@example.com,1329458558,2013,AA-23-23,Lake Cameron,2024
30,30,Ronald Mahoney,24,Female,hmoore@example.com,4194424555,2019,CC-78-98,South Jillport,2022
31,31,Gregory Conley,43,Female,ymartinez@example.net,107142263,2019,EE-90-93,South Adamburgh,2002
32,32,Deanna Fernandez,35,Female,gali@example.net,6502605127,2014,CC-78-98,New Melissaport,1998
33,33,James Mayo,38,Female,raymond36@example.com,705919650,2017,AA-23-23,East Cory,2011
34,34,Mrs. Deborah Mejia MD,33,Female,aaronduran@example.org,5584529328,2022,AA-23-23,West Chadville,2002
35,35,Sean Pope,39,Female,crystalbrowning@example.org,9163885060,2025,AA-23-23,New Mary,2018
36,36,Andrew Williams,35,Male,hayeskeith@example.net,1459810350,2015,BB-55-50,East Ashleyborough,2022
37,37,Linda Crane,44,Female,woodtimothy@example.com,2293176372,2023,CC-78-98,East Rhonda,2014
38,38,Diana Trujillo,45,Male,miadillon@example.org,7502993228,2019,DD-66-67,Port Rick,2012
39,39,Tracy Wallace,36,Male,willie73@example.com,4783877962,2024,CC-78-98,North Ethan,2015
40,40,Johnny Garcia,20,Male,xesparza@example.com,5206670347,2021,EE-90-93,Mortonside,2001
41,41,Christopher Bauer,41,Female,hernandezjeffrey@example.org,6945666503,2010,CC-78-98,Brownberg,2005
42,42,Andrew Riley,31,Female,sburke@example.net,1431113196,2021,DD-66-67,East Anthonybury,2014
43,43,Ryan Thomas,31,Male,aaron29@example.com,5441054777,2025,CC-78-98,New Lindsay,2004
44,44,Michael Johnson,27,Male,lambertandrew@example.org,9091231866,2022,AA-23-23,Rebeccachester,1998
45,45,Mikayla Manning,39,Female,pmendoza@example.net,3541010207,2018,CC-78-98,North Alexberg,2017
46,46,Sean Pierce,46,Male,eolson@example.org,8768838530,2022,BB-55-50,Michaelstad,2002
47,47,Nathan Gonzales,49,Male,cyoung@example.org,4008024623,2010,EE-90-93,East Angelafurt,2024
48,48,Amy Davidson,25,Female,matthewrichards@example.com,5517222480,2011,DD-66-67,Adamshire,2013
49,49,Daniel Frazier,26,Male,qknight@example.net,9803379500,2015,AA-23-23,Port Michelle,2007
50,50,Amy Clark,19,Male,umyers@example.org,4746062514,2013,AA-23-23,North Jacobside,2019
51,51,Joshua Lee,45,Female,oliviachapman@example.org,1780071707,2010,AA-23-23,South Stephanie,2006
52,52,Stephanie Clark,28,Male,traci46@example.com,4413084228,2024,EE-90-93,Kevinburgh,2015
53,53,Matthew Keller,21,Male,mauricebest@example.org,5420198876,2010,EE-90-93,West Monicafort,2020
54,54,Harold Moreno,49,Male,sdiaz@example.net,3537639046,2014,AA-23-23,Port Lindseystad,2015
55,55,Jeremy Mccoy,36,Female,ckeller@example.net,7121874043,2017,EE-90-93,Rayburgh,1999
56,56,William Nguyen,24,Male,mirandacaldwell@example.net,5192105450,2013,CC-78-98,East Meganburgh,1998
57,57,Mary Fleming,39,Female,nicolelawson@example.net,3098504225,2023,CC-78-98,Esparzamouth,2010
58,58,Nicole Forbes,42,Female,toddreynolds@example.com,1783819777,2012,CC-78-98,East Hannah,2023
59,59,Christopher Sawyer,46,Male,andrew38@example.org,1509343658,2018,BB-55-50,West Robert,2011
60,60,Rodney Holt,50,Female,cookmark@example.com,4303177510,2013,BB-55-50,South April,2012
61,61,Mathew Smith,48,Male,jerry51@example.org,911987102,2010,EE-90-93,New Benjamin,1999
62,62,Laura Ford,49,Male,brandon45@example.org,1000732476,2015,DD-66-67,Tylerhaven,2011
63,63,Brett Patel,50,Female,shannon38@example.org,3801148945,2021,BB-55-50,South Carriefurt,2009
64,64,Michael Christensen,30,Male,bethanymartin@example.com,453603261,2024,BB-55-50,Novakmouth,2016
65,65,Joshua Chandler,42,Female,pettyanthony@example.com,9981021026,2021,EE-90-93,Brooksstad,2009
66,66,Jimmy Watts,47,Female,patrickallen@example.com,6273128505,2022,BB-55-50,Jennifermouth,2000
67,67,Yolanda Brady,32,Female,hhenson@example.org,2494772965,2024,AA-23-23,New Kathyton,2019
68,68,Jessica Mckenzie,25,Female,tbrown@example.net,3360563545,2015,EE-90-93,New Thomas,2013
69,69,Dana Phelps,45,Male,robin42@example.org,3221815597,2020,BB-55-50,New Melissafurt,2004
70,70,Jamie Smith,29,Male,walterryan@example.com,1661139685,2016,BB-55-50,New Amber,2003
71,71,David Russell,40,Male,eduncan@example.net,1786863962,2012,BB-55-50,Lake Craigstad,2009
72,72,Mrs. Makayla Bradley,34,Male,goodmanveronica@example.com,711485555,2024,EE-90-93,South Kyle,2011
73,73,Cory Morales,20,Male,vickiperry@example.net,1753151904,2024,EE-90-93,Lake Miguel,2018
74,74,Donald Ballard,30,Male,daniel39@example.com,4572432505,2013,DD-66-67,Thomasberg,2003
75,75,Lori Snyder,22,Male,brownkenneth@example.com,6281487393,2019,BB-55-50,Karentown,2023
76,76,Timothy Perkins,29,Male,lsmith@example.org,4447172281,2022,BB-55-50,West Janicemouth,2022
77,77,Kurt Bridges,18,Female,allison44@example.net,8372218418,2013,EE-90-93,Kevinmouth,2017
78,78,Barbara Ross,35,Male,woodmichael@example.org,5445006788,2010,BB-55-50,East Thomasburgh,2012
79,79,James Watson,18,Male,fgonzales@example.net,5249424089,2015,DD-66-67,Millerland,2002
80,80,Tara Mendoza,32,Female,lynchkyle@example.net,6066803699,2024,DD-66-67,Robinsonfort,2010
81,81,James Walker,41,Male,xortega@example.com,63327623,2016,CC-78-98,Port Jamie,2006
82,82,Jeanne Chavez,34,Female,clarkdavid@example.org,764826043,2022,BB-55-50,Port Jacquelineberg,2018
83,83,Lauren Thomas,32,Female,rowewilliam@example.net,4682105340,2020,EE-90-93,East Amandabury,2005
84,84,Mrs. Connie Gamble MD,22,Female,priley@example.org,5468646942,2014,DD-66-67,Lake Nicholasstad,1998
85,85,John Sanders,46,Male,wbarnes@example.org,4695855432,2025,DD-66-67,West Sarahside,2002
86,86,Tyler Boyer,37,Male,rnguyen@example.org,1638805042,2015,BB-55-50,Andersonbury,2015
87,87,Luis Sanchez,30,Female,joe09@example.com,600990890,2014,BB-55-50,North Melindafurt,2001
88,88,Timothy Fisher,40,Male,qscott@example.org,1272044011,2020,BB-55-50,Melindatown,2015
89,89,Mark Dean,48,Male,christensenmelissa@example.net,1650143882,2020,EE-90-93,Thomasstad,2010
90,90,Joshua Peterson,26,Female,wreynolds@example.net,4926031843,2016,AA-23-23,Andrewmouth,2008
91,91,Nicole Luna,43,Male,ariggs@example.com,3748018946,2021,DD-66-67,North Garrett,2025
92,92,Christine Ayala,38,Female,cellis@example.org,282029371,2019,DD-66-67,West Richardland,1999
93,93,Luis Anderson,25,Female,mhudson@example.net,2117165329,2024,DD-66-67,Vegaburgh,2022
94,94,Pamela Holmes,48,Female,silvamichelle@example.org,2316747481,2025,EE-90-93,Clarkstad,1998
95,95,Steven Lewis,28,Male,vanessa18@example.org,336980716,2024,EE-90-93,Lake Gregory,2002
96,96,Robert Ellison,40,Male,mochoa@example.net,8414349605,2013,AA-23-23,Port Benjamin,2025
97,97,Rebecca Dyer,23,Male,seanarroyo@example.net,6793440213,2012,EE-90-93,South Jocelyn,2018
98,98,Dr. David Tanner,19,Male,rasmussenglenn@example.net,5690761941,2021,BB-55-50,Brucebury,2024
99,99,Dr. Jennifer Dean,33,Male,connie99@example.org,3384149099,2020,CC-78-98,Brenttown,2020
100,100,Kyle Jacobson,38,Male,sarah35@example.org,9643257985,2018,AA-23-23,North Jeremyview,2013
101,101,Duane Hicks,20,Female,michaelgarcia@example.net,6395673192,2024,DD-66-67,New Brandonmouth,2015
102,102,Carol Hudson,45,Female,barnesruth@example.com,7749472647,2022,BB-55-50,Patelland,2003
103,103,Katelyn Sanford,21,Female,sdavis@example.net,8688122362,2010,DD-66-67,Lewisberg,2020
104,104,Laurie Winters,46,Female,meyersandra@example.com,5349239086,2011,AA-23-23,New Alejandrofort,2012
105,105,Kelly Spencer,25,Female,robert82@example.org,4344780609,2020,AA-23-23,Christinechester,1999
106,106,Taylor Kim,23,Male,wallssteven@example.com,8271423674,2019,DD-66-67,Shermanbury,2005
107,107,Grace Ochoa,50,Female,sandrataylor@example.org,7842862081,2016,EE-90-93,South Deborah,2005
108,108,Cynthia Evans,29,Female,kyle78@example.com,4269104580,2023,BB-55-50,Jamesmouth,2005
109,109,Thomas Moon,24,Male,carriecardenas@example.org,1123745624,2015,CC-78-98,Jeffreymouth,2002
110,110,Michael Padilla,48,Female,freemanlisa@example.net,2258531046,2020,BB-55-50,Richardbury,2017
111,111,Brittany Lewis,34,Male,william40@example.org,9441530787,2022,EE-90-93,North Michelle,2015
112,112,Adam Barr,34,Female,susanjackson@example.org,6658415786,2010,EE-90-93,North Crystalhaven,2004
113,113,Kurt Erickson,25,Male,nelsoncody@example.net,9286387509,2011,DD-66-67,West Madisonberg,2025
114,114,Shannon Petersen,24,Female,eperry@example.com,9808135647,2025,EE-90-93,Fishermouth,2023
115,115,Joshua Simpson,31,Female,brownjessica@example.net,8944594176,2022,EE-90-93,South Todd,2007
116,116,Victoria Ibarra,36,Male,franklinjennifer@example.net,6638565109,2019,BB-55-50,Port Robertburgh,2007
117,117,Michelle House,32,Female,gonzalesshannon@example.net,9518314949,2012,EE-90-93,Port Austin,2016
118,118,Theresa Martin,34,Female,elee@example.net,7328861576,2018,EE-90-93,East Nicolas,2010
119,119,Bob Collins,47,Female,erikamoss@example.net,1187201547,2013,EE-90-93,South Heather,2012
120,120,Brianna Webb,18,Male,michaelmartin@example.org,5000408673,2015,AA-23-23,Johnhaven,2008
121,121,Stephanie Richards,24,Male,fbrooks@example.org,1254588379,2021,EE-90-93,Port Laurahaven,2008
122,122,Emily Hernandez,36,Female,sextonjason@example.org,3462664232,2023,BB-55-50,West Taraport,2010
123,123,Matthew Dunn,34,Female,michaelwilliams@example.net,6892445663,2016,EE-90-93,Christyfurt,2003
124,124,Christopher Richardson,39,Male,sharon65@example.com,6714891390,2023,BB-55-50,Sanfordhaven,2015
125,125,Melinda Cunningham,31,Female,meganrichardson@example.org,72791238,2020,EE-90-93,New Andrew,2003
126,126,Joshua Wilson,44,Male,flemingdeanna@example.net,1449913034,2010,DD-66-67,Kellyfurt,2019
127,127,Jennifer Hammond,22,Male,richardbutler@example.com,1891903826,2025,CC-78-98,New Josestad,2007
128,128,Brooke Landry,48,Female,yharris@example.com,6664670984,2017,AA-23-23,Ethanburgh,2005
129,129,Carmen Herrera,34,Male,hessmichelle@example.org,1273731854,2020,BB-55-50,Port Brandi,2005
130,130,Amy Cox,25,Male,grobinson@example.com,287756667,2018,EE-90-93,Silvaton,2021
131,131,Dylan Hartman,34,Female,angela33@example.net,914261024,2025,AA-23-23,Jeffreyhaven,1998
132,132,James Evans,18,Female,xsmith@example.com,9950846858,2019,EE-90-93,Port Feliciatown,2021
133,133,Jamie Brown,33,Male,fosterphillip@example.net,6236436870,2016,AA-23-23,Port Kathleenberg,2016
134,134,Corey Garza,37,Male,isilva@example.net,9542722976,2014,AA-23-23,Lambville,2010
135,135,Elizabeth Thomas,39,Male,bjohnson@example.org,515301881,2014,DD-66-67,North Kelly,2010
136,136,Jennifer Shaw,25,Female,blakecarol@example.net,5015982891,2019,BB-55-50,South Brian,2003
137,137,Daniel Shaw,20,Male,jillian31@example.org,1436713507,2020,CC-78-98,East Biancaland,2004
138,138,Megan Daniels,38,Female,susan78@example.com,8991512761,2018,DD-66-67,New Tiffany,2007
139,139,Paul Zuniga,27,Female,coreyortiz@example.net,4705340933,2022,DD-66-67,Lake Seth,2016
140,140,Aaron Villanueva,20,Male,robertramirez@example.com,3619737596,2020,CC-78-98,New Melissa,2011
141,141,Nicholas Santos,50,Male,houstonryan@example.org,542877080,2013,CC-78-98,East Rebekah,2023
142,142,Wayne Rowe,35,Female,loganjohn@example.org,7948949667,2019,CC-78-98,Robertafurt,2014
143,143,David Hodges,21,Female,christianderek@example.net,1496021542,2012,CC-78-98,Amberfort,2006
144,144,Vanessa Long,34,Female,jenniferhensley@example.com,7472382433,2020,CC-78-98,New Brian,2001
145,145,Linda Shelton,30,Male,courtneyhenderson@example.com,9235163865,2018,AA-23-23,Markburgh,2012
146,146,Nicole Mccullough,29,Female,derekbrewer@example.org,9778849448,2010,BB-55-50,North Gary,2023
147,147,Corey Foster,49,Male,janetknight@example.org,6296103571,2023,CC-78-98,Dillonville,2020
148,148,Carla Pitts,33,Female,kathryn24@example.net,655012341,2017,DD-66-67,Parsonsfurt,2002
149,149,Robin Morris,27,Female,jeffrey60@example.org,398934767,2011,DD-66-67,Poolefurt,2008
150,150,Anthony Miller,37,Male,natalie11@example.net,4228250652,2016,DD-66-67,North Gregory,2025
151,151,Monica Ponce,47,Female,johncarr@example.org,2314241914,2020,AA-23-23,North Janicefurt,2023
152,152,Mr. David Wheeler DDS,28,Female,whiterobert@example.org,2514270559,2013,AA-23-23,Elizabethmouth,2021
153,153,Joy King,39,Female,ywest@example.net,7784521397,2020,DD-66-67,Laurachester,2004
154,154,Emily Glenn,46,Male,poolerachel@example.net,8763841912,2021,EE-90-93,Michellemouth,2022
155,155,Eric Douglas,45,Female,qjames@example.org,6574406913,2021,CC-78-98,Newmanbury,2022
156,156,Gerald Moore,32,Female,lindsey98@example.org,4602979419,2018,AA-23-23,South Karen,2019
157,157,Thomas Fischer,43,Male,moniquegrant@example.net,5487060056,2019,BB-55-50,Smithport,2020
158,158,Courtney Clark,34,Male,kingemma@example.org,1175217438,2018,DD-66-67,South Kayla,2003
159,159,Michael Fuller,37,Female,gwilson@example.org,5889574626,2011,BB-55-50,Cynthiafurt,2007
160,160,Crystal Williams,48,Male,tmills@example.com,2443570649,2014,DD-66-67,North Amandaland,1998
161,161,Kevin Brown,21,Female,vstevens@example.net,5761488100,2011,BB-55-50,South Brandontown,2004
162,162,Brandy Mullins,45,Female,oconnormichelle@example.org,5649134721,2018,EE-90-93,Margaretstad,2008
163,163,Scott Baxter,39,Male,christopherray@example.com,5834567538,2025,AA-23-23,North Kristinshire,2009
164,164,Michael Buchanan,30,Male,elizabethsmith@example.com,8248772918,2024,CC-78-98,Maddenstad,2013
165,165,Thomas Mcconnell,26,Female,brendamcdonald@example.com,5189149273,2024,EE-90-93,Valerieview,2024
166,166,Danielle Jenkins,20,Female,victoriacameron@example.com,9824775927,2012,AA-23-23,West Thomas,2000
167,167,Andrew Conway,49,Female,benitezedwin@example.net,9274135700,2021,EE-90-93,South Chelsea,2000
168,168,Abigail Hogan,32,Male,ohughes@example.org,2758555111,2017,BB-55-50,Avilaport,2009
169,169,Justin Moore,46,Male,gmills@example.org,8839296473,2012,BB-55-50,Lake Sharonburgh,2008
170,170,Jared Walker DDS,48,Male,emcclain@example.org,2511957853,2016,EE-90-93,Anthonyton,1998
171,171,Michael Rojas,23,Female,hmorgan@example.com,948676315,2015,DD-66-67,West Charles,2010
172,172,Elizabeth Melton,19,Female,zacharyharris@example.com,5433997647,2022,AA-23-23,East Danielleland,2001
173,173,Jeanne Perez,22,Male,jillianherrera@example.net,7977898185,2017,CC-78-98,Leemouth,2015
174,174,Danielle Garcia,27,Female,smithrobert@example.org,6321559484,2012,BB-55-50,Shortville,2000
175,175,Daniel Thomas,32,Female,robertwilliamson@example.org,1960755710,2013,DD-66-67,Ramirezton,2021
176,176,Adam Turner,35,Male,justin31@example.org,9114657603,2017,DD-66-67,South John,2003
177,177,Sandra Walton,22,Male,monicadavis@example.net,6765975348,2021,DD-66-67,North Brandiland,2014
178,178,Amy Griffith,22,Male,christiegiles@example.net,6293148192,2022,BB-55-50,West Sharon,2004
179,179,Jessica Ward,41,Female,bruce92@example.net,8384023805,2020,BB-55-50,West Teresaburgh,2023
180,180,Melissa Reed,45,Male,dcharles@example.net,106834987,2023,BB-55-50,Clarkton,2008
181,181,Jonathan Smith,30,Female,valerie51@example.org,6327535739,2010,EE-90-93,Quinnton,2015
182,182,Heather Stewart,23,Female,jeffrey96@example.net,7478904790,2022,EE-90-93,Rachelfort,2003
183,183,Mary Shaw,47,Male,joshuahammond@example.net,1033983568,2011,EE-90-93,Tuckerfurt,2023
184,184,Kathleen Gibson,20,Male,troy11@example.org,1839422509,2017,AA-23-23,Masonborough,2022
185,185,Theresa Castillo,41,Female,smithjoshua@example.net,5330044412,2023,BB-55-50,New Danielburgh,2008
186,186,Chelsea Dixon,33,Male,parkerjohn@example.net,7297158705,2021,AA-23-23,Heatherchester,2002
187,187,Corey Young,36,Male,fisherthomas@example.net,7248043411,2012,CC-78-98,Wendyville,2017
188,188,Katherine Roy,33,Male,deniseknight@example.net,1984764630,2018,AA-23-23,South Anthonyfort,2009
189,189,Michelle White,37,Female,mnelson@example.com,3381689550,2018,BB-55-50,Galvanstad,2007
190,190,Sean Wolfe,48,Female,robert10@example.com,3569145197,2024,CC-78-98,Christinahaven,2005
191,191,Joseph Daugherty,38,Male,evanslisa@example.net,4879894366,2016,DD-66-67,Ritatown,1999
192,192,Christian Duran,21,Female,darren72@example.com,3822779350,2014,EE-90-93,Dunlapton,2003
193,193,Jason Walker,24,Male,williamsbenjamin@example.org,6795260999,2013,EE-90-93,South Josephport,2016
194,194,Brandy Lawrence,37,Female,tinakerr@example.net,3341320629,2018,AA-23-23,Christopherborough,1998
195,195,Elizabeth Phelps,47,Male,douglas10@example.net,9970341191,2024,AA-23-23,East Tylermouth,2013
196,196,Rebecca King,40,Female,jill15@example.com,9238550611,2016,AA-23-23,West Tanya,2000
197,197,Alice Hancock,36,Male,potterleonard@example.net,9737541787,2011,DD-66-67,Lisachester,2014
198,198,John Logan,31,Female,davidsmith@example.net,3370366070,2013,BB-55-50,Leahside,2021
199,199,Rachel Morales,30,Female,ewebster@example.org,6963297018,2014,CC-78-98,Baldwinchester,1999
200,200,Brandon James,26,Male,piercemanuel@example.net,900505363,2025,AA-23-23,Shannonstad,2005
201,201,Frank Taylor,37,Female,kelly94@example.net,9340927062,2019,CC-78-98,Angelahaven,2011
202,202,Cynthia Hanna,34,Male,elizabeth51@example.com,3424303339,2023,DD-66-67,Port Michael,2018
203,203,Sheryl Cannon,23,Male,jon12@example.net,4757090360,2019,CC-78-98,Huffside,2007
204,204,Sarah Chavez,18,Female,melanie63@example.net,6933775393,2015,CC-78-98,North Timothy,2005
205,205,Brian Cooper,39,Female,lhoward@example.net,5391785783,2012,AA-23-23,Haasburgh,2000
206,206,Kaitlyn Garcia,28,Male,cartermarvin@example.com,3282894941,2023,BB-55-50,Robertfurt,2006
207,207,Jeffery Wallace,38,Female,ocruz@example.com,5517389854,2011,AA-23-23,Lake Anthonyshire,2008
208,208,Gregory Anderson,26,Female,pdoyle@example.org,4245842346,2012,CC-78-98,Thomasburgh,2009
209,209,Clifford Sandoval,19,Male,jonestiffany@example.com,2792479039,2025,DD-66-67,Williamston,2019
210,210,Ethan Matthews,20,Male,awebb@example.net,3091962155,2018,BB-55-50,Andersenhaven,2011
211,211,Taylor Walker,29,Male,holmesantonio@example.net,768605943,2022,BB-55-50,Loweryton,2009
212,212,Nicole Watkins,44,Female,cynthia94@example.net,8338793394,2011,BB-55-50,Walterburgh,2016
213,213,Ashley Hall,47,Female,robertaparks@example.net,246344398,2020,BB-55-50,Lake Heathertown,2019
214,214,Traci Massey,43,Male,christina42@example.com,5917220523,2020,BB-55-50,Petersonshire,1998
215,215,Ian Anderson,19,Female,hernandezjennifer@example.org,2445133901,2014,AA-23-23,South Roger,2009
216,216,Cheyenne Vincent,27,Female,brittanygibson@example.org,5452493640,2016,AA-23-23,South Melissa,2014
217,217,Raven Boyd,24,Male,nathanielperez@example.net,5394429567,2015,AA-23-23,Erikport,2025
218,218,Alex Allen,33,Male,aguilaremily@example.net,8953412069,2013,BB-55-50,Karenshire,2022
219,219,David Evans,29,Male,yuronald@example.net,9415724856,2023,BB-55-50,Morganview,2001
220,220,Brian Mcdonald,21,Female,bonnieharmon@example.com,2463510123,2017,AA-23-23,North Nicole,2013
221,221,Jacob Smith,48,Male,lkelley@example.com,2681754617,2020,AA-23-23,Lunaland,2025
222,222,Deborah Martin,42,Female,jonathanjohns@example.com,9255312315,2020,AA-23-23,Brianton,2002
223,223,Michele Coleman,25,Male,floresjoel@example.net,7624498381,2012,EE-90-93,Laurabury,2012
224,224,Jennifer Burton,27,Female,jessica77@example.org,5949004691,2013,DD-66-67,South Karastad,2022
225,225,Ann Smith,44,Female,vbradley@example.net,6832415828,2012,AA-23-23,Lake Daniel,2005
226,226,Katie Pena,34,Female,lori89@example.com,2946004320,2013,BB-55-50,East Dennis,2009
227,227,Jacqueline Davis,22,Female,paigemckenzie@example.com,1319462586,2021,DD-66-67,Port Sarahstad,2006
228,228,Kevin Maldonado,39,Male,erin02@example.com,8951398747,2011,AA-23-23,Kimberlyport,2013
229,229,James Carlson,22,Male,robertschristina@example.org,1542759871,2022,CC-78-98,South Christopher,2023
230,230,Juan Watson,28,Male,bradleyjohn@example.org,4684899183,2010,BB-55-50,New Sarah,2017
231,231,Steven Myers,41,Female,lewiskaren@example.com,5735072891,2021,CC-78-98,Shanefort,1998
232,232,Kathleen Silva,29,Female,afreeman@example.com,4760154457,2025,EE-90-93,New Kimberlyside,2022
233,233,Raymond Walker,31,Male,josephhicks@example.org,3739085683,2010,DD-66-67,Brittanyfurt,2012
234,234,Emma Herman DDS,28,Female,zacharyharris@example.org,9755149326,2012,EE-90-93,South Timothychester,2010
235,235,Logan Gardner,47,Female,bruce26@example.org,6664393188,2018,DD-66-67,South Jonathan,2021
236,236,Cathy Li,41,Female,christopher44@example.org,3775733902,2011,AA-23-23,Olsonmouth,1998
237,237,Amanda Powers,35,Male,john59@example.org,6104464559,2021,CC-78-98,North Christina,2023
238,238,Nancy Rodriguez,47,Male,huynhjasmin@example.com,6514865333,2020,EE-90-93,North Williamborough,2003
239,239,Patricia Pham,33,Male,victoriabenson@example.net,8261705695,2021,DD-66-67,Greeneside,2016
240,240,Steven Hale,26,Male,amyjimenez@example.net,7608857171,2019,CC-78-98,Juliefort,2006
241,241,Levi Stewart,24,Male,alan25@example.com,4671599534,2011,AA-23-23,West Emily,2020
242,242,Martha Gilbert,33,Male,jenniferjones@example.net,6475677711,2015,DD-66-67,New Kathleen,2024
243,243,Michael Wang,28,Male,andrewpham@example.net,5796856274,2012,EE-90-93,East Jeffrey,2006
244,244,Jillian Perez,37,Male,rebecca86@example.net,251538631,2021,AA-23-23,North Robert,2006
245,245,Judith Andrews,24,Female,vfranklin@example.com,6019829489,2022,AA-23-23,New Jason,2016
246,246,Lori Garcia,41,Male,uwagner@example.com,6041366072,2014,EE-90-93,East Scott,2013
247,247,Amy Green,39,Female,hunterjillian@example.org,6683422384,2016,BB-55-50,West Susan,2002
248,248,Isaac Dennis MD,47,Male,bryansmith@example.com,7713419197,2023,CC-78-98,Williamsside,2008
249,249,Robert Carr,24,Female,barajasallen@example.org,354701184,2012,AA-23-23,Lake Kari,2011
250,250,Julie Petersen,48,Female,ygiles@example.com,8753294842,2025,CC-78-98,East Carlachester,2015
251,251,Ashley Hernandez,31,Female,kathrynmorrow@example.com,7656896996,2014,BB-55-50,West David,2012
252,252,Christopher Le,44,Male,aguilarjonathan@example.net,8318482794,2010,BB-55-50,Bradleyview,2015
253,253,Kimberly Baker,21,Female,lramirez@example.net,580934271,2015,DD-66-67,Tuckerton,2013
254,254,Mr. Samuel Roberts,38,Female,patrick80@example.com,3373191044,2011,EE-90-93,Brianmouth,2021
255,255,Matthew Keith,48,Female,jevans@example.com,1631162404,2015,DD-66-67,Angelaland,2022
256,256,Jason Mcneil DVM,24,Male,ble@example.com,3894014381,2020,EE-90-93,West Barrymouth,2010
257,257,Deborah Peck,20,Female,mwhite@example.net,7877236745,2019,BB-55-50,North Kathy,2024
258,258,Karen Knight,46,Male,njones@example.org,9136563014,2011,AA-23-23,Galvantown,2007
259,259,Amy Graham,40,Male,buckdaniel@example.com,5701060420,2018,CC-78-98,North James,2014
260,260,Terry Cain,26,Male,wilsonryan@example.com,2346941904,2025,BB-55-50,Christinaborough,2020
261,261,Christopher Hall,45,Male,patrick34@example.com,7499256432,2023,BB-55-50,Nicholasborough,2018
262,262,Sara Watkins,40,Male,onelson@example.net,4940454022,2016,AA-23-23,North Colleen,2020
263,263,Jennifer Edwards DVM,18,Female,gwilson@example.com,6029504547,2020,EE-90-93,Lopezstad,2023
264,264,Allison Wilson,43,Female,andrewduncan@example.org,5530748068,2017,AA-23-23,Keyton,2008
265,265,Brandi Cameron,31,Male,jingram@example.net,8486195253,2016,DD-66-67,Careyfort,2014
266,266,Jeremy Morris,31,Male,samuel18@example.com,527493433,2010,CC-78-98,Matthewshire,2009
267,267,Robert Baker,27,Male,barbara55@example.org,9902040034,2021,BB-55-50,Simpsonmouth,2019
268,268,Hannah Nguyen,38,Female,denise34@example.net,1863903033,2020,DD-66-67,Paulchester,2004
269,269,Daniel Hudson,42,Female,kenneth56@example.net,4154607721,2017,DD-66-67,Lake Sarahmouth,2019
270,270,Derrick Wong,48,Male,smithrobin@example.net,3639466872,2022,EE-90-93,West Dianemouth,2009
271,271,Jonathan Hayes,38,Female,qhess@example.com,5160933486,2016,BB-55-50,Michelleview,2003
272,272,Steven Williams,48,Male,sarah98@example.org,4820833867,2014,CC-78-98,Port Lucas,2009
273,273,Megan Taylor,45,Male,karen97@example.com,7881990017,2024,CC-78-98,North Annfort,2014
274,274,Billy Roberts,30,Female,robinfaulkner@example.net,9741254944,2017,CC-78-98,Port Luis,2014
275,275,Tyler Douglas,42,Male,ashley01@example.com,5000198402,2018,BB-55-50,Pattonland,2012
276,276,Samantha Stephens,29,Female,eday@example.net,6988472113,2024,EE-90-93,North Michael,2000
277,277,Ethan Delgado,33,Female,joshuanixon@example.org,1050712576,2014,CC-78-98,Mccoyfort,2005
278,278,Keith Bell,34,Male,kelly53@example.org,4634281463,2020,EE-90-93,Davidfurt,2022
279,279,John Sutton,20,Female,paulbecker@example.org,7498168412,2015,DD-66-67,Bruceview,2006
280,280,Brandon Hubbard,46,Female,cainchristine@example.com,3569321715,2015,EE-90-93,East Scott,1999
281,281,Christopher Davidson,45,Female,rbutler@example.com,4776532340,2015,BB-55-50,Jerryland,2021
282,282,Mrs. Julia Farrell,41,Male,hendersonlori@example.org,3109087682,2016,BB-55-50,New Benjamin,2016
283,283,Shane Blake,43,Female,herbert89@example.org,9013491439,2017,EE-90-93,New Jenniferton,2007
284,284,Renee Thomas,39,Female,williamjohnson@example.org,7976376432,2024,EE-90-93,Nicholsfort,2016
285,285,Jennifer Russell,48,Female,joshua53@example.org,5700681738,2023,BB-55-50,West Sheena,2007
286,286,Tammy Harris,32,Male,ryanbrown@example.org,5005934392,2022,DD-66-67,Lake Cheyenne,2012
287,287,Adrian Sellers,47,Female,logan35@example.net,1685916629,2020,BB-55-50,Port Barryfurt,2002
288,288,Joshua Kemp,46,Female,keith01@example.org,6553295023,2013,BB-55-50,West Marystad,2009
289,289,David Johnson,30,Male,djames@example.net,3055594403,2020,CC-78-98,West Jesus,2017
290,290,Angela Parsons,22,Female,monica91@example.com,2315639824,2010,BB-55-50,Ericchester,2003
291,291,Matthew Moore,38,Female,kenneth14@example.com,8455633325,2010,AA-23-23,South Reneemouth,2022
292,292,Charles Nelson,30,Female,juliebeck@example.org,1278140043,2022,DD-66-67,Bobbyfurt,2020
293,293,Leslie Daugherty,35,Female,kristinavargas@example.com,1159961560,2022,BB-55-50,Moorehaven,2023
294,294,Phillip Davis,48,Male,qcobb@example.org,392036118,2025,BB-55-50,Lake Karenmouth,2003
295,295,Brianna Smith,24,Female,xalexander@example.com,9754391318,2010,CC-78-98,Shawhaven,2016
296,296,Jessica Long,19,Female,lambertnathan@example.net,4892653348,2011,BB-55-50,Orrland,2021
297,297,Kristi Smith,34,Female,baileymiller@example.net,2136520881,2013,EE-90-93,West Thomas,2001
298,298,Stephanie Cortez,40,Male,wigginsbrittney@example.com,5742847367,2025,BB-55-50,Aprilville,1999
299,299,Stephen Delgado,23,Female,javier37@example.net,7680588713,2020,CC-78-98,Hineshaven,2018
300,300,William Kim,21,Female,michaelcantu@example.com,5276152198,2024,CC-78-98,New Robert,2021
301,301,Paul Hendrix,48,Male,williampatel@example.org,4747564012,2013,AA-23-23,Suarezburgh,2002
302,302,David Warren,44,Female,nathaniel55@example.com,305928360,2013,AA-23-23,New Jacobstad,2003
303,303,Richard Rubio,32,Male,nicholascollins@example.org,9201578766,2013,CC-78-98,Wardfurt,2006
304,304,Crystal Hughes,36,Male,fmann@example.org,3246376653,2014,BB-55-50,Danielside,2009
305,305,Lisa Elliott,34,Female,bmckenzie@example.com,2650101922,2010,AA-23-23,Tyronetown,2019
306,306,Angela Johnson,22,Male,jamesalexander@example.net,6389089118,2019,CC-78-98,Blackburnmouth,2001
307,307,Sarah Lee,50,Male,garyelliott@example.com,4181331349,2018,BB-55-50,West Jessica,2011
308,308,Barry Smith,40,Female,bgriffin@example.net,3962444462,2023,EE-90-93,North Jennifer,2022
309,309,Victoria Richardson,40,Female,lindajohnson@example.com,8526168044,2017,CC-78-98,Hectorport,2012
310,310,Bradley Monroe,19,Female,xgarcia@example.com,1323527244,2013,EE-90-93,East Danielshire,2017
311,311,Jennifer Bowman,31,Male,chelsearodriguez@example.net,2697437086,2023,CC-78-98,Josephfurt,2008
312,312,Luke Brown,41,Male,weisskayla@example.net,5543553034,2014,DD-66-67,Martinchester,2009
313,313,Mary Thompson MD,43,Female,dyoung@example.net,9980935379,2020,BB-55-50,Warefort,2005
314,314,Stephen Blackwell,49,Female,kenneth03@example.com,8304168715,2021,CC-78-98,Port Karinafurt,2017
315,315,Ian Moore,23,Male,thompsonvictor@example.com,866381134,2011,BB-55-50,Torresville,2013
316,316,Charles Romero,50,Male,benjaminmelvin@example.net,3312838737,2020,CC-78-98,South Robert,2009
317,317,Annette Olson,47,Male,rogersanthony@example.org,8665906580,2017,EE-90-93,Lynnton,2023
318,318,Aaron Huff,21,Female,larsonmelissa@example.com,7504264060,2010,BB-55-50,Victorhaven,2012
319,319,Martin Herrera,19,Male,huffmanmark@example.net,4763592684,2025,BB-55-50,East Jesseborough,2020
320,320,Laura Chambers,29,Female,melanielyons@example.com,7920401107,2012,EE-90-93,Thomasstad,2022
321,321,Ruben Mills,18,Female,morrisian@example.net,2398166152,2021,BB-55-50,Samuelbury,2020
322,322,Matthew Hopkins,26,Male,erica73@example.com,7660442781,2021,EE-90-93,Beasleyhaven,2017
323,323,Austin Williams,22,Male,yangjohn@example.org,7374699457,2021,EE-90-93,Clarkland,2022
324,324,Norma Miller,26,Female,andrew41@example.net,5294976125,2014,AA-23-23,Douglasshire,2002
325,325,Johnny Rangel,37,Male,aguilarsean@example.com,1271900628,2021,EE-90-93,Manuelside,1998
326,326,Traci Luna,49,Male,scurtis@example.org,7307763265,2020,BB-55-50,South Martin,2014
327,327,James Matthews,42,Female,ttran@example.org,6049574495,2020,CC-78-98,West Christopher,2010
328,328,Cole Martin MD,40,Male,christopherperry@example.com,5135501327,2015,CC-78-98,Edwintown,2003
329,329,Jenna Calderon,23,Male,jennifer98@example.com,758237669,2024,CC-78-98,Robinsonmouth,2017
330,330,Christina Morales DVM,30,Male,joseph74@example.net,417934125,2016,AA-23-23,Lake Dawn,2012
331,331,James Lee,27,Male,ufernandez@example.com,8002445741,2023,BB-55-50,South Luis,2006
332,332,Veronica Holland,20,Male,cunninghambrian@example.org,1798799530,2024,DD-66-67,Wendyshire,1998
333,333,Margaret White,29,Male,walleradrian@example.org,9755138659,2017,AA-23-23,Matthewmouth,2024
334,334,Alexis Brock,24,Female,yvonne59@example.org,9813961751,2019,BB-55-50,Tiffanyfurt,2002
335,335,Beth Bennett,26,Female,holly74@example.net,3203576983,2022,EE-90-93,South Stephenstad,2000
336,336,Angela Martin,28,Female,melindaking@example.org,6980585107,2019,EE-90-93,Holtstad,2022
337,337,Aaron Alexander DDS,35,Female,blakedonald@example.org,3457113861,2021,CC-78-98,East Danielview,2005
338,338,Heather Bailey,27,Male,justinsantiago@example.net,7050563116,2010,EE-90-93,East Christopherport,2002
339,339,Rebecca Kelley,40,Female,scottlisa@example.com,4011698398,2016,EE-90-93,Paulfort,2014
340,340,Jessica Jacobs,21,Female,vpugh@example.com,8706516210,2010,EE-90-93,South Emily,2020
341,341,Troy Padilla,26,Male,bennettedward@example.org,4574411635,2015,BB-55-50,South Lauren,2009
342,342,Jessica Weaver,21,Male,amanda50@example.com,6647404916,2016,AA-23-23,Jonesmouth,2024
343,343,Jessica Mueller,46,Male,thomas78@example.net,283858026,2022,DD-66-67,Lake Georgeport,2016
344,344,Juan Drake,27,Male,kristina14@example.org,9477267926,2020,AA-23-23,East Monica,2022
345,345,Rachel Cameron,44,Female,scott65@example.net,3496983351,2020,AA-23-23,South Abigail,2009
346,346,Debra Dixon,21,Male,halecrystal@example.com,1352174592,2015,EE-90-93,Port Connie,2001
347,347,Eric Gonzalez,49,Male,mclaughlindaniel@example.net,2086073164,2014,AA-23-23,Jasonville,2005
348,348,James Henderson,39,Male,huberjustin@example.org,1860536407,2011,DD-66-67,Port James,2006
349,349,Kathryn Gray,21,Female,bergerjohn@example.com,7353086358,2025,BB-55-50,Lake Jon,2020
350,350,Brian Martin,25,Female,ttucker@example.org,2230981997,2017,CC-78-98,Kimstad,2006
351,351,Amber Fisher,48,Male,potterpeter@example.net,4456088545,2014,DD-66-67,Cobbland,2013
352,352,Diane Nguyen,18,Female,jamesbernard@example.com,1477469240,2019,AA-23-23,North David,2023
353,353,Jeremy Morales,43,Female,mgarcia@example.com,8064242656,2023,BB-55-50,Jasmineville,2012
354,354,Tina Armstrong,37,Female,awatts@example.org,7027509432,2018,DD-66-67,South Christiantown,2004
355,355,Ryan Fisher,42,Male,christine38@example.net,4674392840,2023,BB-55-50,Timothyberg,2013
356,356,Jeremiah Day,18,Male,campbellkarina@example.net,2383998104,2013,EE-90-93,Ashleybury,2015
357,357,Desiree Johnson,21,Female,charleshood@example.org,2781120946,2011,CC-78-98,Lake Carolshire,2015
358,358,Cameron Martin,35,Male,bailey11@example.com,3116962688,2010,AA-23-23,Alexanderview,2020
359,359,Carla Duncan,30,Male,mmason@example.net,7770961905,2011,CC-78-98,Parkertown,2024
360,360,Sabrina Ortiz,18,Male,turnerheather@example.org,5892909531,2023,DD-66-67,New John,2016
361,361,John Mckay,38,Female,cooklarry@example.net,7316475872,2025,DD-66-67,Cynthiaside,2015
362,362,Denise Woods,37,Female,rwalton@example.net,2837747279,2024,CC-78-98,East Erica,2019
363,363,Julie Gibson,19,Female,zwilliams@example.net,158904009,2019,BB-55-50,Cainfort,2020
364,364,Kelly Murphy,43,Male,michelle97@example.org,1925124633,2014,AA-23-23,North Mark,2016
365,365,Austin Vasquez,22,Female,christophermartin@example.com,4150908162,2020,BB-55-50,Kingview,2022
366,366,Kimberly Stephens,44,Female,jeanwatson@example.net,7731819796,2019,EE-90-93,Amybury,2014
367,367,Michael Ross,36,Male,edwinnguyen@example.net,7422756264,2019,AA-23-23,Taylorburgh,2025
368,368,Jesse Rojas,43,Female,george29@example.org,2517011858,2024,AA-23-23,South Christopher,2016
369,369,Michelle Gomez,44,Female,karen27@example.com,2140041586,2022,EE-90-93,Port Mary,2018
370,370,Virginia Hansen,46,Male,ioneill@example.com,874548312,2010,AA-23-23,Joseview,2011
371,371,James Willis,30,Female,nmcfarland@example.org,7959928948,2022,AA-23-23,Jasonview,2024
372,372,Jennifer Garcia,39,Male,kellyjones@example.net,970158287,2021,BB-55-50,North Lauramouth,1998
373,373,Brandi Booker,46,Female,zmurphy@example.com,1712057377,2018,BB-55-50,Simsshire,1998
374,374,Samuel Bradley,31,Male,morrowjulia@example.com,461544324,2021,EE-90-93,Munozport,2001
375,375,Jeffery Daniel,43,Male,justinhenry@example.org,1783317421,2010,CC-78-98,Mariaton,2000
376,376,Megan Pruitt,48,Male,laura57@example.net,2766190982,2010,EE-90-93,Taylorside,2016
377,377,Rachel Martinez,36,Female,banderson@example.org,209447275,2015,BB-55-50,North Stephenbury,1998
378,378,Gina Simmons,30,Male,rebecca97@example.net,7933188145,2022,CC-78-98,Port Bradleystad,2023
379,379,Julie Harding,44,Male,larry48@example.net,338500058,2020,DD-66-67,New Christopherville,2019
380,380,John Torres,47,Female,qdavis@example.org,5902118114,2011,EE-90-93,Martintown,2016
381,381,Melissa Williams,29,Female,williamsrobert@example.org,6272940606,2023,AA-23-23,New Ryanmouth,2016
382,382,Cynthia Edwards,18,Female,christopher08@example.net,8618890066,2022,CC-78-98,Paulshire,2012
383,383,Daryl Martin,46,Female,ronald26@example.net,1431776657,2017,AA-23-23,Port Jeffrey,2011
384,384,William Fox,34,Male,williamslee@example.net,6483717776,2012,AA-23-23,North Jonathanmouth,1999
385,385,Gabrielle Hess,26,Female,andrew66@example.org,2705399941,2010,EE-90-93,Murphyhaven,2010
386,386,Alan Meza,18,Male,jennifer93@example.com,9259723511,2024,BB-55-50,Meaganmouth,2001
387,387,Kristin Collier,41,Male,jared63@example.com,309838973,2019,DD-66-67,Jenniferland,2002
388,388,Brian Johnson,26,Female,james22@example.com,9131330993,2015,EE-90-93,North Marymouth,2011
389,389,Randy Buchanan,39,Female,halljames@example.net,4060923564,2013,CC-78-98,West Robert,2004
390,390,Amanda Williams,29,Male,nmiller@example.org,5362104610,2014,CC-78-98,West Robertville,2008
391,391,Cheryl Hickman,40,Male,jonathon78@example.com,9539496896,2019,DD-66-67,Leslietown,2009
392,392,Mary Gonzalez DVM,39,Female,stephanie99@example.org,349754280,2012,EE-90-93,Port Shanehaven,2016
393,393,Kimberly Hart,38,Male,barnesjessica@example.com,2664918280,2017,EE-90-93,Rosstown,2000
394,394,Laura Cannon,28,Male,aimee59@example.net,8452066317,2013,CC-78-98,Lake Robert,2014
395,395,Scott Short,38,Female,charlescohen@example.com,3247228321,2016,CC-78-98,Danielleshire,2014
396,396,Jeffrey Davis,21,Female,sanchezstacey@example.com,3237488747,2010,CC-78-98,South Rachel,2021
397,397,Julie Hicks,38,Female,moorematthew@example.com,5318869724,2018,AA-23-23,West Eric,2003
398,398,Miss Elizabeth Marshall,18,Male,mariomorgan@example.com,6227606610,2017,AA-23-23,Lawrencefort,1998
399,399,Brandy Shah,25,Male,batesphyllis@example.com,2342223527,2015,BB-55-50,Travisview,2024
400,400,Ashley Sanchez,26,Male,paulbrowning@example.com,1545375964,2025,EE-90-93,New Michaelmouth,2014
401,401,Laurie Santos,21,Male,nicole19@example.org,4770417178,2024,BB-55-50,Jesseville,2006
402,402,Robert Hoover,37,Female,ronaldwilliams@example.net,7973515562,2016,EE-90-93,East Sandrafort,2011
403,403,Jeremy Tyler,48,Female,lithomas@example.org,1457491770,2011,DD-66-67,West Don,2002
404,404,Craig James,21,Female,justinsilva@example.com,8662377482,2011,BB-55-50,East Ruben,2008
405,405,Melvin Grant,29,Male,foxsamuel@example.net,610498216,2019,EE-90-93,Lake Jennifer,2001
406,406,Walter Hutchinson,19,Male,crivers@example.com,4878086014,2021,BB-55-50,Lake Vincentfurt,1999
407,407,Mrs. Jacqueline Johnson,19,Female,mark71@example.com,9614676842,2021,CC-78-98,Port Ericatown,2017
408,408,John Hutchinson,46,Female,william10@example.org,9924471149,2015,EE-90-93,Mitchellmouth,2014
409,409,Kevin Clark,21,Male,uflynn@example.com,6986254855,2014,DD-66-67,West Javierchester,2013
410,410,Troy Long,39,Male,xeverett@example.org,6223694152,2010,AA-23-23,Murphyview,2016
411,411,Malik Taylor,47,Male,taylorvargas@example.com,5750062803,2018,EE-90-93,East Christopherchester,2015
412,412,Lindsay Miller,44,Female,harrismark@example.org,6511811056,2018,EE-90-93,West Christyshire,2009
413,413,Shawn Evans,23,Female,hendricksrobert@example.org,5374244708,2021,EE-90-93,Pottston,2013
414,414,Luke Richard,22,Male,ojohnson@example.net,1236152413,2011,EE-90-93,Port David,2008
415,415,Daniel Newman,22,Male,lrodriguez@example.net,7545359678,2016,BB-55-50,Jillianborough,1998
416,416,Patrick Johnson MD,47,Female,jessica60@example.net,5641411077,2024,AA-23-23,Greeneberg,2017
417,417,Mia Lee,48,Female,shepherdzachary@example.org,8008631540,2017,AA-23-23,Port Kristymouth,1999
418,418,Todd Adams,33,Female,dkennedy@example.com,8642766569,2013,AA-23-23,Hallport,2004
419,419,Christopher Lowe,44,Male,orandolph@example.net,1691280808,2015,CC-78-98,West Lori,2015
420,420,Kenneth Graves,45,Male,bryantvictoria@example.com,7761807470,2015,BB-55-50,South Tinahaven,2004
421,421,Jason Perez,33,Male,iwong@example.net,6305695172,2020,DD-66-67,West Rhondafort,2023
422,422,Christopher Jenkins,47,Male,jeffery80@example.net,7051999301,2017,EE-90-93,Jacquelinemouth,2021
423,423,Brandon Graves Jr.,28,Male,edyer@example.com,5318440837,2020,AA-23-23,Alvaradofurt,2016
424,424,Brenda Miller,44,Female,jessica36@example.net,3558904958,2010,BB-55-50,New Kelseyfort,2015
425,425,Amy Newman,48,Female,owilliams@example.net,8858065390,2024,AA-23-23,East Lindaville,2024
426,426,Susan Dawson,19,Male,kimtimothy@example.com,6600218878,2022,DD-66-67,East Kristinchester,2006
427,427,Cody Whitney,19,Female,cisneroswilliam@example.com,1101896948,2016,BB-55-50,Brownmouth,1998
428,428,Leonard Vaughn,44,Male,seansmith@example.org,8787773935,2012,EE-90-93,Lake Kelly,2020
429,429,Kristin Morgan,41,Male,peterscody@example.com,7995336832,2018,BB-55-50,New Noahport,2022
430,430,James Cannon,47,Female,nmills@example.net,3089841921,2012,CC-78-98,Jeffport,2006
431,431,Chelsey Ramirez,24,Male,brittney74@example.org,3609357395,2011,CC-78-98,North Steve,2005
432,432,Katherine Cruz,26,Female,waltersarah@example.org,4959746040,2017,DD-66-67,Lewisville,2007
433,433,Thomas Wilkins,43,Male,acarr@example.net,3685782908,2014,DD-66-67,Austintown,2019
434,434,Marie Bush,25,Female,calderonmichelle@example.org,8124636765,2016,EE-90-93,Hansenview,2005
435,435,Pamela Owen,41,Female,millermichelle@example.org,9205449912,2022,AA-23-23,New Jasmineberg,1999
436,436,Angela White,20,Female,adamfox@example.net,7837957361,2025,AA-23-23,Debrahaven,2004
437,437,Mark Cortez,35,Male,faulknerchristopher@example.net,8949529846,2019,BB-55-50,Lake Ryan,2009
438,438,Gina Castillo,40,Female,qwalker@example.com,1432170404,2015,DD-66-67,Conleyville,2011
439,439,Tara Sloan MD,38,Female,paigejohnson@example.com,7996451070,2016,DD-66-67,Andreaport,2024
440,440,Sydney Swanson,25,Male,vangjennifer@example.net,8796099153,2015,EE-90-93,Moralesmouth,2012
441,441,Anthony Bruce,22,Female,margaretbrown@example.com,8066793595,2021,DD-66-67,Johnberg,2014
442,442,Charles Kemp,40,Female,spencerwashington@example.org,420752487,2013,AA-23-23,Mckinneychester,2014
443,443,Billy Rangel,21,Male,bmcguire@example.com,9748807634,2020,CC-78-98,Ruizport,2023
444,444,David Lopez,21,Male,martinezalan@example.com,8119584331,2024,DD-66-67,West Bradley,2010
445,445,Gerald Ward MD,31,Female,amandahammond@example.net,1745186431,2014,BB-55-50,Lake Jodiberg,2010
446,446,Charles Jones,28,Male,richardmoran@example.net,8052955808,2022,AA-23-23,Thomasville,2010
447,447,Matthew Vargas,41,Male,robertbradley@example.com,823747668,2014,DD-66-67,East Markchester,2002
448,448,Christopher Hall,31,Male,kelly31@example.org,2941851989,2016,AA-23-23,Lake Karen,2016
449,449,Amanda Salinas,44,Male,melanieharris@example.net,3952359508,2015,AA-23-23,Port Taylor,2021
450,450,Sydney Barker,23,Male,wrightsydney@example.com,3438871693,2019,DD-66-67,Barbaraton,2018
451,451,Jessica Ayala,18,Female,zgraham@example.net,6164354490,2012,CC-78-98,Rodriguezland,2016
452,452,Linda Spencer,49,Male,xrivera@example.net,7952393909,2010,CC-78-98,West Garyfort,2022
453,453,Ann Deleon,27,Male,jasoncunningham@example.net,7014717483,2012,CC-78-98,Jonesport,2025
454,454,Crystal Duran,27,Male,denisekelly@example.net,926656514,2019,BB-55-50,Deanborough,2025
455,455,Gregory Hicks,35,Female,lisakirby@example.net,9617639059,2010,DD-66-67,Port Angelaville,2023
456,456,Dominique Watts,42,Male,oneillstephen@example.net,6827280913,2011,DD-66-67,Victorchester,2016
457,457,Timothy Valenzuela,41,Female,howellmelissa@example.net,9482416835,2019,EE-90-93,West Steventon,2014
458,458,Jeffrey Rodriguez,41,Female,ahughes@example.com,9563262983,2021,CC-78-98,Angelland,2023
459,459,Christopher Floyd,33,Female,meganmitchell@example.com,9912861955,2021,BB-55-50,East Tracyland,2020
460,460,William Knapp,46,Female,tsmith@example.org,7634425078,2023,AA-23-23,New Lindachester,2015
461,461,Dennis Miller,25,Female,bsmith@example.com,7540562912,2015,AA-23-23,Lake Markfurt,2012
462,462,Vincent Harper,29,Male,alyssabarnett@example.com,6821287044,2018,AA-23-23,Andrewsland,2000
463,463,Michael Sawyer,24,Female,traci22@example.net,719059881,2014,DD-66-67,Lake Tammybury,2025
464,464,Gilbert Flowers,18,Male,brian59@example.com,7177798946,2015,DD-66-67,Port Robert,2010
465,465,Rachel Maldonado,48,Female,hvega@example.net,7571405203,2010,EE-90-93,Burgessborough,2013
466,466,Colleen Ford,50,Male,andrew25@example.net,4034680086,2021,BB-55-50,West Amandamouth,2001
467,467,Jillian Small,33,Male,hannah42@example.org,1932963810,2020,BB-55-50,Lake Danashire,2005
468,468,Jessica Villanueva,19,Male,beverlycummings@example.com,8417080168,2019,BB-55-50,Port Daniel,2011
469,469,Deborah Williams,47,Male,zacharysalazar@example.org,562101579,2011,CC-78-98,West Randallchester,2021
470,470,Kayla Powers,38,Male,michelle07@example.org,7583551780,2011,EE-90-93,Randyville,2003
471,471,Wanda Daugherty,24,Female,tammymontgomery@example.com,9986494878,2017,AA-23-23,Smithmouth,2013
472,472,Daniel Raymond Jr.,36,Male,jordanderek@example.org,7075974297,2020,EE-90-93,Warrenville,2007
473,473,Angela Stewart,32,Female,scottamanda@example.com,5165793493,2018,BB-55-50,Hodgesfort,1998
474,474,Pam Hardy,21,Male,francojessica@example.org,5986255528,2022,AA-23-23,New Teresa,2002
475,475,Dr. Jeremy Flores MD,36,Male,anthony51@example.com,8103413481,2013,EE-90-93,Pamelachester,2017
476,476,Jesse Norris,43,Male,kmarsh@example.com,9741616185,2013,BB-55-50,South Ronald,2016
477,477,Antonio Everett,49,Male,sarah51@example.net,9560886651,2010,BB-55-50,Lake Kelly,2025
478,478,Carla Castillo,31,Female,rogergreene@example.com,3928358075,2022,CC-78-98,Malonebury,2012
479,479,Mike Smith,20,Male,derekpatel@example.org,2601106808,2013,EE-90-93,Riveratown,2021
480,480,Christian Harris,49,Male,ashley78@example.net,7513317502,2012,AA-23-23,West Richard,2020
481,481,Donna Lane,40,Female,jerry60@example.com,95052314,2025,CC-78-98,West Franklinland,2019
482,482,Jeffrey Long,37,Male,janetlawson@example.com,1544047646,2017,BB-55-50,Wardtown,1999
483,483,Holly Ryan,29,Male,hallteresa@example.com,6743814843,2011,DD-66-67,Dianabury,2017
484,484,Daniel Nelson DVM,48,Male,madison76@example.net,5900440241,2016,BB-55-50,West Tyler,2001
485,485,Jaime Coleman,43,Male,clarkrichard@example.net,7250353468,2010,CC-78-98,Hardyville,2018
486,486,Jenna Walton,32,Female,christina60@example.org,350787566,2012,EE-90-93,Michelleburgh,2000
487,487,Troy Chan,35,Male,jerry92@example.com,9323834440,2022,EE-90-93,East Sarahport,2001
488,488,Amanda Pearson,21,Male,epacheco@example.org,1995992311,2015,BB-55-50,Reeseshire,2016
489,489,Margaret Wiley,39,Male,alyssaharris@example.com,2648762775,2023,BB-55-50,East Maria,2002
490,490,Angela Padilla,19,Male,mary53@example.org,9905778814,2022,CC-78-98,Bridgesland,2003
491,491,Stephanie Smith,40,Female,michael00@example.net,6945846287,2017,AA-23-23,North Hannahborough,2009
492,492,Brandon Ortiz,39,Male,thomasdarrell@example.com,9470650222,2022,EE-90-93,Lake Julia,2005
493,493,Mark Dyer,32,Female,dmiller@example.org,6575656384,2023,AA-23-23,Mclaughlinfort,2019
494,494,Heather Powers,29,Male,emily41@example.org,6346577896,2021,BB-55-50,Kathleenside,2013
495,495,Alex Smith,31,Female,david69@example.org,5323304804,2018,EE-90-93,Christopherville,2020
496,496,Ashley Holland,37,Female,christopher83@example.org,5251400451,2015,CC-78-98,East Katieland,2000
497,497,Jacqueline Jenkins,23,Male,lpratt@example.net,6859645097,2023,BB-55-50,South Michael,2005
498,498,Daniel Bell,27,Male,jasonruiz@example.com,3996046589,2014,EE-90-93,East Megan,2001
499,499,Carrie Wade,42,Female,francisscott@example.net,847821117,2015,AA-23-23,South Lindamouth,2016
